model,feature,importance
decision_tree,elo_difference,1.0
decision_tree,home_points_last5,0.0
decision_tree,away_points_last5,0.0
decision_tree,home_goals_for_last5,0.0
decision_tree,away_goals_for_last5,0.0
decision_tree,home_goals_against_last5,0.0
decision_tree,away_goals_against_last5,0.0
decision_tree,home_home_points_last5,0.0
decision_tree,away_away_points_last5,0.0
decision_tree,home_rest_days,0.0
decision_tree,away_rest_days,0.0
decision_tree,head_to_head_count,0.0
random_forest,elo_difference,0.3433764465939191
random_forest,head_to_head_count,0.08164865532009109
random_forest,home_home_points_last5,0.06816981394858157
random_forest,away_away_points_last5,0.0665874157111869
random_forest,home_points_last5,0.060986250478292564
random_forest,away_goals_for_last5,0.05895567731104647
random_forest,away_points_last5,0.058601474874364186
random_forest,home_goals_for_last5,0.057415287074462626
random_forest,away_goals_against_last5,0.05655652395401379
random_forest,home_goals_against_last5,0.0531744854339166
random_forest,away_rest_days,0.04955900866118725
random_forest,home_rest_days,0.04496896063893787
xgboost,elo_difference,0.2600194215774536
xgboost,away_rest_days,0.07070504128932953
xgboost,home_home_points_last5,0.07046463340520859
xgboost,head_to_head_count,0.06937425583600998
xgboost,away_goals_against_last5,0.06862619519233704
xgboost,home_goals_against_last5,0.06738658249378204
xgboost,away_points_last5,0.06735289841890335
xgboost,home_rest_days,0.0668080747127533
xgboost,home_points_last5,0.06540124863386154
xgboost,away_goals_for_last5,0.06530296057462692
xgboost,home_goals_for_last5,0.06506120413541794
xgboost,away_away_points_last5,0.06349759548902512
